{"cameraMode":{"drawMode":0,"name":"Shaded","section":"Shading Mode"},"sceneLighting":false,"audioPlay":false,"sceneViewState":{"showFog":true,"showMaterialUpdate":false,"showSkybox":true,"showFlares":true,"showImageEffects":true,"showParticleSystems":true},"in2DMode":false,"pivot":{"x":19.05257225036621,"y":4.228358745574951,"z":4.926033973693848},"rotation":{"x":-0.06686379015445709,"y":0.16151022911071778,"z":-0.010968447662889958,"w":-0.9845442771911621},"size":7.049680233001709,"orthographic":false}